accession;AATGGx3;AATGGx2;AATGGx7;AATGGx5;AATGGx4;GGAATx4;GGAATx3;GGAATx2;ATGGAx2;CATTCx4;TCCATx2;TCCATx3;ATTCCx5;TGGAAx5;ATTCCx4;ATTCCx6;TGGAAx4;TGGAAx3;TGGAAx2;ATTCCx2;ATTCCx3;ATTCCx8;CATTCx2;CATTCx3;GAATGx3;GAATGx2;GAATGx5;GAATGx4;GAATGx6;TTCCAx2;TTCCAx3;TTCCAx4;TTCCAx5
SRR7171680.fastq;210;647;89;139;210;222;132;198;136;100;238;110;117;98;183;109;146;378;410;502;221;104;163;101;277;418;187;275;121;317;197;130;88
SRR7171678.fastq;452;559;110;68;276;109;85;223;281;58;192;62;89;94;71;63;346;341;597;244;172;46;78;31;163;354;71;442;84;148;166;122;87
SRR7171682.fastq;184;297;30;131;76;62;45;69;195;26;151;38;56;68;68;30;80;110;175;184;107;27;80;60;151;376;57;168;45;197;113;118;100
SRR7171675.fastq;57;101;55;37;28;48;18;37;242;99;90;19;58;117;150;28;42;151;183;182;132;88;229;103;25;123;49;83;26;155;50;57;23
ERR1602651.fastq;22834;54554;4219;8757;16171;14498;17861;37770;24787;10856;32949;12511;8355;7340;15288;6150;11945;19033;36078;46907;21634;3706;27759;13253;20094;43611;7735;15502;4872;28793;13004;8753;5034
SRR7171668.fastq;356;780;98;190;257;185;166;287;218;255;497;221;199;247;327;169;299;540;795;769;444;123;425;244;251;566;170;281;112;770;419;330;221
ERR251402.fastq;62761;141279;13424;26759;42628;49262;49830;90546;81035;44972;108035;43957;38975;24616;69001;29115;39442;60291;101475;159244;83671;17740;86649;47983;55703;109753;23532;46808;15116;85766;47505;39214;23035
ERR1602656.fastq;25600;59494;5156;9968;19082;17116;20730;40947;26764;12833;34404;13622;10167;8961;17888;7255;14357;22866;40410;52059;25777;4479;28369;14937;23156;45279;9225;18765;6060;31121;15402;10762;6234
SRR7171662.fastq;253;929;112;144;386;181;221;290;243;154;284;147;214;122;358;296;197;311;485;705;388;105;290;177;343;673;106;460;102;454;272;244;239
ERR1602666.fastq;18083;39206;3259;6709;12193;11421;14282;26172;19165;8897;22691;9174;6841;6272;12351;5042;10317;16631;29361;33119;17189;3073;21392;11278;16291;32207;6280;12190;3952;20600;10000;7378;4107
ERR251347.fastq;58991;127558;13670;25845;41931;48644;48526;87549;70777;43973;92135;40885;36594;23236;64540;28540;37293;54437;90880;143583;79432;17644;74999;45962;50942;87613;23037;46199;15016;76126;44478;37321;21909
SRR7171677.fastq;391;791;91;157;268;194;146;256;154;218;399;201;204;204;312;178;290;397;627;744;414;115;360;220;243;447;148;249;93;696;417;321;212
ERR251379.fastq;65650;143423;15746;29469;50291;55945;55441;103061;77905;50891;102448;47491;41281;26370;72084;31621;41262;59730;101139;160444;89654;20444;83840;51681;56101;91376;26252;53452;17674;89277;51450;42047;25767
SRR7171666.fastq;228;802;107;92;162;99;140;164;117;103;72;42;64;122;44;58;194;268;491;212;142;55;202;91;92;197;98;154;46;203;55;47;32
ERR251346.fastq;43631;98097;9644;18236;30189;34700;35277;64289;55949;31428;73838;30316;26561;16791;48293;19937;27141;40313;68204;109731;58789;12599;58789;32771;39074;74989;17070;33991;10867;58755;32956;27362;16068
ERR251404.fastq;67453;148521;15989;30337;50747;54990;56168;103778;81330;50558;106775;48266;42017;27876;73163;31970;43707;64249;108650;166121;91310;19983;88061;52866;57279;97769;26533;53337;17538;93056;53416;43303;26191
ERR251327.fastq;37736;79355;8639;15983;27892;30075;31748;58445;44941;27620;58376;27097;23204;15899;40959;17143;25406;37596;63185;92554;51753;11092;50010;29700;32216;55620;14858;29008;9519;51529;29829;23758;14242
ERR251377.fastq;48147;112037;10902;20837;35336;38777;39403;76599;64228;36215;92306;35997;29474;19493;52938;21686;31410;48007;83806;126497;65456;13982;76404;39611;44051;90489;19357;38221;12402;73009;38254;30256;18086
ERR1602661.fastq;26417;62505;4738;9600;18375;16643;20802;44412;28202;12641;38321;14472;9474;8092;16867;6682;13089;21468;40195;53501;24920;4226;32467;15152;23636;50950;9080;18637;5787;32321;14669;9426;5628
SRR7171663.fastq;170;444;82;79;129;190;147;224;177;463;120;54;95;59;112;121;229;276;523;300;169;53;152;86;142;408;142;138;43;287;231;97;50
ERR1602667.fastq;20637;48808;3551;7375;14250;12757;17119;34413;22573;9816;31893;12194;7397;6969;13419;5250;11367;19177;35406;43755;20589;3282;26971;12611;19830;42395;6949;14673;4306;26901;11935;7874;4601
ERR1602655.fastq;21075;49558;3790;7781;14423;12939;17392;35212;22522;10371;32357;12198;7712;7228;13864;5404;11827;19278;36260;44227;20885;3454;27651;13214;19884;43246;7163;14692;4553;27232;12046;8172;4558
ERR251380.fastq;65556;142774;15746;29125;50088;55405;54768;102636;77756;50872;101666;47050;41153;26316;70695;31377;41080;60319;101066;158893;89667;20369;83095;51293;56750;91221;26160;54000;17458;88889;51154;42035;25489
SRR7171683.fastq;124;331;36;77;94;69;102;113;365;128;180;75;84;71;98;52;104;332;394;254;117;45;128;76;117;230;64;118;22;204;137;91;59
ERR1602658.fastq;24292;59473;4406;9183;16912;15499;18947;40539;27082;11524;37781;13447;8811;7353;16277;6386;12295;20469;38070;51216;23065;3984;29693;13650;21721;48790;8047;16667;5112;29577;13055;8885;5185
ERR1602660.fastq;21548;52943;3625;7603;14716;13082;17292;38159;24074;10764;36072;12778;7457;7021;14012;5204;11300;18500;36749;48212;20471;3239;30716;13711;20497;48011;7539;15052;4468;30115;12289;8045;4670
SRR7171665.fastq;216;658;82;207;302;219;174;356;241;182;282;117;150;165;306;126;220;522;495;834;339;205;221;183;349;362;107;294;75;542;253;343;130
ERR1602650.fastq;26626;62278;5029;10101;18711;16985;21027;43882;28280;12543;38011;14699;9864;8941;17327;6964;14243;22917;42481;54521;25462;4347;31859;15357;23370;49377;9018;18590;5653;33647;15282;10595;6083
ERR251403.fastq;66636;146817;15556;29591;50322;53849;55433;102799;81263;49975;105461;47008;41561;26712;71890;31389;42645;63171;105900;163835;90960;19760;86364;52445;56747;96508;26505;52277;17181;92103;52528;42534;25287
ERR251325.fastq;74847;162829;17072;32572;55326;60697;62344;116357;89420;55370;121018;53520;47084;30313;81927;34727;46579;68972;117628;185885;102678;21974;98932;58020;63632;112044;29353;58257;18875;103127;57810;46481;28591
ERR1602664.fastq;25981;61821;4690;9840;17989;16606;20232;41503;28264;12726;37697;13937;9323;8305;17183;6835;13416;22396;40970;51778;23867;4190;32063;15542;23455;50971;8729;17790;5549;32413;14928;10097;5818
ERR1602649.fastq;26894;64929;5140;10267;19291;17585;21425;45736;28715;13444;39941;14937;9855;8727;17839;7083;14143;22958;42333;56047;25646;4428;34381;16181;24515;52430;9693;19965;6133;33445;15090;10195;6053
SRR7171664.fastq;446;1009;137;250;352;211;226;398;334;289;483;197;262;187;416;206;269;392;581;911;492;183;430;256;363;669;198;375;121;672;365;344;177
ERR1602663.fastq;22623;53355;4167;8471;15741;14261;17772;36967;24338;10644;33296;12412;8308;6906;14732;5710;11799;19150;35755;46515;21341;3542;26920;13019;20305;44090;7368;15379;4791;28016;12646;8449;4942
ERR251342.fastq;50952;111664;11768;22570;35960;40914;41111;75442;63965;37329;80991;35613;31590;20227;56287;24055;32312;46804;80159;126366;70035;15014;67274;39624;44948;81950;19967;39574;12858;69004;39157;32378;19325
SRR7171674.fastq;334;839;130;165;290;206;153;312;171;224;404;185;234;213;339;171;264;428;616;782;396;101;330;255;225;426;150;253;102;736;398;320;221
ERR1602653.fastq;15937;34340;2950;6216;11327;10754;13108;23475;16675;7760;20449;8550;6418;5647;11489;4617;9456;14925;25375;30075;16166;2879;17085;9678;14019;27115;5793;10860;3572;17739;9234;6746;3998
ERR251401.fastq;63757;143941;13538;27339;43374;50352;51901;93091;83496;46311;111424;44762;39712;25005;70075;30207;40315;62109;104920;161630;85685;17516;89548;49137;57266;110681;23938;48078;15883;88814;48934;40735;23941
SRR7171676.fastq;4394;9714;1280;2292;3402;2396;2009;3541;3221;2434;5765;2378;2823;2173;4526;2228;3136;4782;7438;10655;5812;1599;4378;2594;3419;6873;1850;3582;1239;7501;4113;3435;2210
ERR1602657.fastq;31852;75479;5772;11932;22636;20072;25550;53835;34668;14737;48121;17971;11610;10086;21058;8402;16328;27104;50849;67791;30920;5066;38827;18209;28804;62047;10533;21875;6667;38752;17448;11751;6961
ERR251326.fastq;74939;164962;17746;32635;55308;60941;62930;116698;90249;54961;119814;52890;46492;30189;81286;35006;46380;68748;117670;185884;101822;21938;98535;57578;64014;112856;29505;59162;19255;101643;57675;45986;28351
SRR7171672.fastq;313;247;20;70;278;108;157;212;66;99;60;28;56;33;58;20;21;77;66;275;158;43;129;86;57;76;55;115;34;169;91;296;72
ERR251348.fastq;59429;130593;13871;26889;42462;49447;49802;89111;72175;44520;92588;41349;38213;24118;65807;28393;38131;55879;92788;146453;81383;17528;76518;46691;52263;88565;23820;46988;15405;77646;45444;37611;22776
ERR251378.fastq;48456;112657;11138;20864;35520;38369;39592;76335;64180;36206;91068;35682;29316;19707;52392;22185;31231;47899;84355;126168;65580;13973;75652;39261;44387;90263;19732;38184;12184;72985;38270;30676;18111
ERR251328.fastq;38289;81392;8918;16297;28397;31128;32199;59969;45882;28368;60189;28241;23979;16079;41784;17990;26304;38391;64431;95486;53783;11393;51747;30786;32838;56273;15022;29780;9800;53642;31346;24632;14505
SRR7171661.fastq;772;1319;167;282;564;285;184;426;403;337;573;271;276;239;487;146;586;484;798;860;553;158;456;207;594;926;223;522;327;778;495;337;366
SRR7171669.fastq;311;650;93;137;231;148;121;235;142;198;351;134;150;173;262;129;237;335;541;568;297;72;311;212;174;411;115;205;61;609;371;243;179
ERR1602654.fastq;18181;39896;3420;6787;12261;11665;14686;26327;19310;9266;22857;9116;6952;6477;12700;5074;10677;16800;29573;33727;17672;3114;21621;11790;16827;31880;6311;12356;4113;20155;10230;7360;4198
ERR1602668.fastq;25975;59375;4935;9925;18731;17003;20788;40893;26635;12584;34146;13728;9761;8739;17529;7237;13936;22541;39869;51400;25173;4386;28661;14831;22601;44648;8933;18390;5816;31258;15379;10464;6386
ERR251344.fastq;42226;88986;9631;17557;28744;33631;35961;63635;50293;30668;64604;30200;26164;17582;46504;19604;29324;43402;73257;105803;60299;12384;58271;35246;39428;68108;16669;32707;11226;59785;33902;26913;15620
ERR251329.fastq;51169;113753;12174;23062;38972;40337;42618;80028;62850;36855;82839;36833;31837;20585;55434;23729;32612;47909;83387;129373;70430;15264;67951;39432;44243;78212;20274;39355;13209;71610;39856;31548;19059
ERR251343.fastq;42456;89139;9473;17579;28953;33273;36405;63704;50739;30785;64668;29964;26256;17433;45908;19684;29054;43368;72420;106327;59879;12578;57862;35289;38951;68127;16537;32325;11110;58943;34150;27173;15810
ERR1602652.fastq;26018;61941;4856;9886;18038;16704;20100;40900;28987;13181;38019;13911;9312;8520;17056;6968;13690;22332;41166;51718;24107;4279;32872;16021;23662;50106;8856;17964;5590;32370;14558;9981;5943
SRR7171671.fastq;74;441;25;218;305;59;68;77;82;26;267;24;166;14;101;38;24;50;75;323;204;18;44;35;162;214;43;88;182;117;61;56;16
SRR7171667.fastq;325;749;82;179;274;185;160;267;152;231;402;162;172;211;301;124;304;380;641;651;344;107;415;251;198;445;116;247;76;636;371;310;189
SRR7171673.fastq;358;738;95;160;252;201;158;279;167;206;394;183;204;208;275;133;275;405;617;689;353;100;292;223;250;463;133;271;84;595;409;285;200
ERR251345.fastq;45186;101745;9791;19206;31036;35373;36570;65709;57238;31984;75282;30712;28224;17381;49111;20010;27889;41905;70663;112510;59949;12471;59815;33648;39525;75048;17384;34056;10987;60289;34214;28251;16791
SRR7171679.fastq;117;430;37;92;243;327;261;342;415;80;178;123;113;55;466;54;96;158;278;348;225;91;288;74;213;331;118;174;33;179;177;92;71
SRR7171670.fastq;264;646;82;141;239;156;140;230;177;174;365;176;166;145;290;118;230;376;535;651;321;98;335;196;214;418;104;255;89;648;341;266;188
ERR1602662.fastq;26521;61770;4882;10090;18464;16933;21518;44512;28657;12590;38480;14692;9949;8512;17800;6970;13961;22735;42145;55039;25528;4259;32041;15028;23483;49240;8818;18371;5580;34242;15788;10687;6112
ERR1602665.fastq;16033;34562;3050;6112;10810;10310;12686;23058;16791;7325;19517;7776;6414;5822;11337;4560;9238;15225;25973;29871;16272;2860;16904;9510;14519;27496;5554;10716;3663;17772;9151;6675;3832
ERR1602659.fastq;24882;53868;4761;9669;17219;17155;20909;37333;24809;12332;28686;11979;9625;8416;17112;7120;13370;21873;36745;44710;23674;4293;25605;14721;22354;40280;8650;17173;5860;25167;13035;9607;5663
